ID,name,preis,dividenden,jahr,woche
0,Analog Devices Inc,361.02,4.26 (1.18%),47.23%,-0.34%
1,Autodesk Inc,228.93,-,-28.25%,5.06%
2,Akamai Technologies Inc,105.57,Aug 06 AMC,37.39%,0.33%
3,Albemarle Corp,115.03,1.62 (1.41%),51.40%,-8.91%
4,Align Technology Inc,153.00,Jul 29 AMC,16.30%,-3.55%
5,Applied Materials Inc,424.21,1.93 (0.46%),152.81%,-6.71%
6,Amazon.com Inc,253.54,Jul 30 AMC,11.13%,-1.92%
7,Arista Networks Inc,187.81,Aug 04 AMC,34.74%,-3.08%
8,Applovin Corp,334.24,Aug 05 AMC,-42.57%,4.27%
9,Broadcom Inc,344.72,2.61 (0.76%),-4.21%,-3.68%
10,Axon Enterprise Inc,490.18,Aug 05 AMC,-35.17%,-4.94%
11,Autozone Inc,2,965.52,Sep 22 BMO,-31.39%,-0.60%
12,Boeing Co,210.27,0.04 (0.02%),-2.63%,-0.93%
13,Booking Holdings Inc,175.35,1.53 (0.87%),-19.69%,-9.28%
14,Boston Scientific Corp,45.05,Jul 29 BMO,-56.14%,-5.75%
15,Carrier Global Corp,57.26,0.95 (1.66%),-7.15%,-4.10%
16,CBRE Group Inc,140.90,Jul 29 BMO,-14.10%,-4.70%
17,Carnival Corp Ltd,22.56,0.56 (2.48%),-28.40%,-4.04%
18,Cadence Design Systems Inc,279.06,Jul 27 AMC,-18.76%,-4.66%
19,Constellation Energy Corp,264.57,1.68 (0.64%),-18.21%,-11.50%
20,Charter Communications Inc,143.35,0.07 (0.05%),-45.58%,-5.68%
21,CIENA Corp,319.64,Sep 03 BMO,143.48%,-0.42%
22,Cummins Inc,541.10,8.78 (1.62%),31.89%,-3.50%
23,Coherent Corp,266.50,0.02 (0.01%),158.76%,-5.45%
24,CRH Plc,88.98,1.57 (1.76%),-21.53%,-5.60%
25,Delta Air Lines Inc,79.80,0.72 (0.91%),33.29%,-0.46%
26,DuPont de Nemours Inc,124.29,2.97 (2.39%),28.16%,-5.55%
27,Deckers Outdoor Corp,80.54,Jul 23 AMC,-32.03%,-6.14%
28,Dover Corp,189.15,2.16 (1.14%),9.35%,-1.93%
29,EchoStar Corp,93.89,Aug 03 BMO,25.37%,4.55%
30,Emcor Group Inc,749.70,1.53 (0.20%),19.17%,-0.59%
31,Expand Energy Corp,93.40,2.30 (2.47%),-2.93%,-4.61%
32,FedEx Freight Holding Company Inc,129.44,Jul 29,,-0.01%
33,Fair Isaac Corp,1,001.50,-,-35.14%,7.43%
34,Comfort Systems USA Inc,1,582.80,3.27 (0.21%),110.01%,-1.71%
35,Flex Ltd,108.32,Jul 29 BMO,89.07%,-1.09%
36,First Solar Inc,207.04,Jul 30 AMC,2.65%,1.27%
37,GE Vernova Inc,874.76,2.01 (0.23%),39.84%,-7.13%
38,Corning Inc,143.60,1.17 (0.81%),86.40%,-6.93%
39,Generac Holdings Inc,176.98,-,-4.02%,-5.54%
40,Honeywell International Inc,201.38,4.55 (2.26%),-3.57%,-3.93%
41,Howmet Aerospace Inc,227.13,0.51 (0.22%),22.26%,-12.40%
42,Idexx Laboratories Inc,509.56,Aug 04 BMO,-20.52%,-4.82%
43,International Paper Co,34.25,1.88 (5.48%),-25.53%,-8.03%
44,Ingersoll Rand Inc,72.13,0.05 (0.07%),-8.45%,-5.54%
45,Jabil Inc,298.72,-,39.55%,-3.82%
46,Keysight Technologies Inc,314.96,Aug 18 AMC,84.68%,-3.74%
47,KLA Corp,169.09,0.93 (0.55%),75.40%,-8.90%
48,L3Harris Technologies Inc,248.93,5.00 (2.01%),-10.84%,-2.93%
49,Lennox International Inc,365.51,5.17 (1.42%),-32.87%,-6.41%
50,Lumentum Holdings Inc,835.03,Aug 11 AMC,412.23%,-5.25%
51,Lam Research Corp,273.49,1.20 (0.44%),133.83%,-11.10%
52,Las Vegas Sands Corp,42.40,1.15 (2.71%),-20.75%,-4.44%
53,Microchip Technology Inc,71.48,1.88 (2.63%),10.48%,-3.63%
54,Martin Marietta Materials Inc,500.92,3.42 (0.68%),-18.66%,-2.69%
55,Monolithic Power System Inc,1,143.24,7.52 (0.66%),37.06%,-6.59%
56,Marvell Technology Inc,218.82,0.24 (0.11%),224.90%,-2.12%
57,Micron Technology Inc,924.03,0.58 (0.06%),487.69%,-9.10%
58,NRG Energy Inc,108.47,1.93 (1.78%),-34.20%,-8.86%
59,NVIDIA Corp,210.96,0.75 (0.35%),18.64%,-8.42%
60,ON Semiconductor Corp,71.65,Aug 03 AMC,48.47%,-3.67%
61,Oracle Corp,144.79,1.97 (1.36%),-50.44%,-8.81%
62,PG&E Corp,13.60,0.20 (1.45%),-11.97%,-4.90%
63,Qnity Electronics Inc,117.23,0.24 (0.20%),,-2.69%
64,Royal Caribbean Group,255.34,5.33 (2.09%),-24.10%,-3.71%
65,Reddit Inc,162.38,Jul 30 AMC,-36.14%,5.13%
66,Ralph Lauren Corp,341.43,3.84 (1.12%),8.34%,-2.78%
67,Sandisk Corp,1,551.99,Aug 05 AMC,1701.92%,-10.81%
68,Synopsys Inc,381.43,Aug 26 AMC,-10.35%,-3.15%
69,Seagate Technology Holdings Plc,805.55,3.04 (0.38%),311.02%,-5.15%
70,Constellation Brands Inc,125.00,4.13 (3.31%),-10.39%,-2.48%
71,Stryker Corp,281.87,3.53 (1.25%),-26.47%,-7.01%
72,Transdigm Group Incorporated,1,111.22,0.27 (0.02%),-12.60%,-4.37%
73,Teradyne Inc,329.20,0.53 (0.16%),193.30%,-7.79%
74,TJX Companies Inc,125.99,1.85 (1.47%),-9.67%,-4.61%
75,T-Mobile US Inc,182.90,4.14 (2.26%),-24.33%,0.76%
76,Tapestry Inc,117.91,1.82 (1.54%),10.74%,-3.46%
77,Trimble Inc,58.74,Aug 12 BMO,-27.37%,-1.23%
78,Take-Two Interactive Software Inc,222.91,Aug 07 BMO,-9.48%,3.83%
79,United Airlines Holdings Inc,108.96,-,2.23%,-2.17%
80,Vulcan Materials Co,250.54,2.10 (0.84%),-15.05%,-4.60%
81,Vertiv Holdings Co,237.39,0.22 (0.09%),76.05%,-15.38%
82,Vistra Corp,140.73,1.00 (0.71%),-32.89%,-5.74%
83,Western Digital Corp,426.94,0.59 (0.14%),337.17%,-8.67%
84,Weyerhaeuser Co,22.23,0.84 (3.78%),-10.72%,-3.43%
85,Xylem Inc,107.49,1.73 (1.61%),-24.06%,1.70%
